[
  {
    "name": "Retin-A MICRO",
    "price": 995.98,
    "seller": "null Schmidt"
  },
  {
    "name": "Smooth texture Orange flavor",
    "price": 976.65,
    "seller": "Jeremy Woods"
  },
  {
    "name": "Megestrol Acetate",
    "price": 976.15,
    "seller": "Gary Stevens"
  },
  {
    "name": "Dawn Ultra Antibacterial Hand",
    "price": 969.86,
    "seller": "Arthur Reynolds"
  },
  {
    "name": "Clearskin",
    "price": 968.59,
    "seller": "Fred Allen"
  },
  {
    "name": "NEO-POLY-BAC HYDRO",
    "price": 967.32,
    "seller": "Jacqueline Perez"
  },
  {
    "name": "Homeopathic Rheumatism",
    "price": 967.08,
    "seller": "Jacqueline Perez"
  },
  {
    "name": "Metformin Hydrochloride",
    "price": 953.99,
    "seller": "Fred Barnes"
  },
  {
    "name": "Glipizide and Metformin Hydrochloride",
    "price": 953.60,
    "seller": "Nicole Martinez"
  },
  {
    "name": "pain relief",
    "price": 938.23,
    "seller": "Christine Gomez"
  },
  {
    "name": "Spironolactone",
    "price": 933.69,
    "seller": "null Cunningham"
  },
  {
    "name": "Care One Hemorrhoidal",
    "price": 932.18,
    "seller": "Thomas Snyder"
  },
  {
    "name": "Ranitidine",
    "price": 926.64,
    "seller": "Christine Gomez"
  },
  {
    "name": "Aspirin",
    "price": 925.45,
    "seller": "Nicole Martinez"
  },
  {
    "name": "Myristica Argentum Sinus Relief",
    "price": 904.52,
    "seller": "Diana Harvey"
  },
  {
    "name": "EPZICOM",
    "price": 895.65,
    "seller": "Betty Lawson"
  },
  {
    "name": "Levothyroxine Sodium",
    "price": 885.86,
    "seller": "Christine Gomez"
  },
  {
    "name": "ESIKA",
    "price": 879.37,
    "seller": "null Moreno"
  },
  {
    "name": "Perrigo Benzoyl Peroxide",
    "price": 873.24,
    "seller": "Patrick King"
  },
  {
    "name": "Shopko Lip Treatment",
    "price": 861.42,
    "seller": "Clarence Fowler"
  },
  {
    "name": "Moore Medical Sinus Pain and Pressure Relief",
    "price": 855.39,
    "seller": "Ann Stevens"
  },
  {
    "name": "RESCRIPTOR",
    "price": 850.52,
    "seller": "Arthur Reynolds"
  },
  {
    "name": "Aquafresh",
    "price": 849.93,
    "seller": "Betty Ward"
  },
  {
    "name": "IOPE SUPER VITAL",
    "price": 824.68,
    "seller": "Sandra Riley"
  },
  {
    "name": "LV-FX",
    "price": 820.87,
    "seller": "Brandon Fuller"
  },
  {
    "name": "Azithromycin",
    "price": 813.87,
    "seller": "Jeremy Woods"
  },
  {
    "name": "Clarins Paris Skin Illusion - 114 cappuccino",
    "price": 811.42,
    "seller": "Chris Mitchell"
  },
  {
    "name": "Meloxicam",
    "price": 809.18,
    "seller": "null Stewart"
  },
  {
    "name": "Naproxen",
    "price": 807.22,
    "seller": "Fred Barnes"
  },
  {
    "name": "Isosorbide Mononitrate",
    "price": 789.91,
    "seller": "Emily Parker"
  },
  {
    "name": "Pollens - Weeds and Garden Plants, Nettle Urtica dioica",
    "price": 782.77,
    "seller": "Rachel Johnson"
  },
  {
    "name": "Warfarin Sodium",
    "price": 770.05,
    "seller": "Paula Hill"
  },
  {
    "name": "GOONG SECRET CALMING BATH",
    "price": 742.47,
    "seller": "Rachel Johnson"
  },
  {
    "name": "Pleo Lat",
    "price": 720.08,
    "seller": "Brandon Fuller"
  },
  {
    "name": "Prostate",
    "price": 716.05,
    "seller": "Anna Parker"
  },
  {
    "name": "Acnezzol Base",
    "price": 710.60,
    "seller": "Paula Hill"
  },
  {
    "name": "CALMING DIAPER RASH",
    "price": 700.92,
    "seller": "Jennifer Riley"
  }
]
