[
  {
    "firstName": "Gloria",
    "lastName": "Alexander",
    "soldProducts": [
      {
        "name": "U-max Multi BB",
        "price": 137.16,
        "buyerLastName": "Mitchell"
      },
      {
        "name": "Labetalol hydrochloride",
        "price": 436.38,
        "buyerFirstName": "Fred",
        "buyerLastName": "Allen"
      }
    ]
  },
  {
    "lastName": "Baker",
    "soldProducts": [
      {
        "name": "Agaricus Equisetum Special Order",
        "price": 585.93,
        "buyerFirstName": "Betty",
        "buyerLastName": "Ward"
      },
      {
        "name": "Glipizide",
        "price": 621.78,
        "buyerFirstName": "Joshua",
        "buyerLastName": "Murray"
      }
    ]
  },
  {
    "firstName": "Fred",
    "lastName": "Barnes",
    "soldProducts": [
      {
        "name": "Pollens - Weeds and Garden Plants, Scotch Broom Cytisus scoparius",
        "price": 135.82,
        "buyerFirstName": "Benjamin",
        "buyerLastName": "Henry"
      },
      {
        "name": "Diastat",
        "price": 614.14,
        "buyerFirstName": "Arthur",
        "buyerLastName": "Reynolds"
      }
    ]
  },
  {
    "firstName": "Anna",
    "lastName": "Clark",
    "soldProducts": [
      {
        "name": "Air",
        "price": 331.53,
        "buyerLastName": "Thompson"
      }
    ]
  },
  {
    "firstName": "Doris",
    "lastName": "Cook",
    "soldProducts": [
      {
        "name": "Parsley",
        "price": 519.06,
        "buyerFirstName": "Fred",
        "buyerLastName": "Barnes"
      },
      {
        "name": "CHAMOMILLA",
        "price": 37.97,
        "buyerFirstName": "Clarence",
        "buyerLastName": "Fowler"
      },
      {
        "name": "Prednisone",
        "price": 550.72,
        "buyerFirstName": "Anna",
        "buyerLastName": "Parker"
      },
      {
        "name": "REYATAZ",
        "price": 41.97,
        "buyerFirstName": "Billy",
        "buyerLastName": "Parker"
      },
      {
        "name": "Enalapril Maleate",
        "price": 72.71,
        "buyerFirstName": "Doris",
        "buyerLastName": "Cook"
      }
    ]
  },
  {
    "firstName": "Patricia",
    "lastName": "Cooper",
    "soldProducts": [
      {
        "name": "LANEIGE MYSTIC VEIL FOUNDATION",
        "price": 20.86,
        "buyerFirstName": "Brandon",
        "buyerLastName": "Fuller"
      }
    ]
  },
  {
    "firstName": "Carl",
    "lastName": "Daniels",
    "soldProducts": [
      {
        "name": "Imipramine Hydrochloride",
        "price": 648.69,
        "buyerFirstName": "Christine",
        "buyerLastName": "Gomez"
      },
      {
        "name": "Allergena",
        "price": 109.32,
        "buyerFirstName": "Thomas",
        "buyerLastName": "Snyder"
      }
    ]
  },
  {
    "firstName": "Sarah",
    "lastName": "Day",
    "soldProducts": [
      {
        "name": "Alternaria alternata",
        "price": 61.24,
        "buyerFirstName": "Carl",
        "buyerLastName": "Daniels"
      }
    ]
  },
  {
    "lastName": "Fox",
    "soldProducts": [
      {
        "name": "PANTOPRAZOLE SODIUM",
        "price": 293.89,
        "buyerFirstName": "Fred",
        "buyerLastName": "Allen"
      }
    ]
  },
  {
    "firstName": "Bonnie",
    "lastName": "Fox",
    "soldProducts": [
      {
        "name": "PRIMAXIN",
        "price": 686.66,
        "buyerFirstName": "Wanda",
        "buyerLastName": "Harris"
      },
      {
        "name": "TRAMADOL HYDROCHLORIDE",
        "price": 516.48,
        "buyerFirstName": "Jennifer",
        "buyerLastName": "Riley"
      }
    ]
  },
  {
    "firstName": "Amanda",
    "lastName": "Frazier",
    "soldProducts": [
      {
        "name": "Protonix",
        "price": 466.70,
        "buyerFirstName": "Rachel",
        "buyerLastName": "Johnson"
      },
      {
        "name": "Allopurinol",
        "price": 336.81,
        "buyerFirstName": "Jennifer",
        "buyerLastName": "Riley"
      }
    ]
  },
  {
    "firstName": "Brandon",
    "lastName": "Fuller",
    "soldProducts": [
      {
        "name": "Ketorolac Tromethamine",
        "price": 608.18,
        "buyerLastName": "Bennett"
      },
      {
        "name": "Fluoxetine",
        "price": 385.37,
        "buyerFirstName": "Nicole",
        "buyerLastName": "Harris"
      }
    ]
  },
  {
    "firstName": "Patricia",
    "lastName": "Fuller",
    "soldProducts": [
      {
        "name": "allergy eye",
        "price": 426.91,
        "buyerFirstName": "Marie",
        "buyerLastName": "Williamson"
      },
      {
        "name": "AVANDAMET",
        "price": 632.08,
        "buyerFirstName": "Anna",
        "buyerLastName": "Clark"
      }
    ]
  },
  {
    "firstName": "Kathy",
    "lastName": "Gilbert",
    "soldProducts": [
      {
        "name": "Gemcitabine",
        "price": 594.79,
        "buyerFirstName": "Patrick",
        "buyerLastName": "King"
      },
      {
        "name": "ziprasidone hydrochloride",
        "price": 628.66,
        "buyerFirstName": "Marie",
        "buyerLastName": "Williamson"
      },
      {
        "name": "ISOPROPYL ALCOHOL",
        "price": 339.48,
        "buyerFirstName": "Bonnie",
        "buyerLastName": "Fox"
      }
    ]
  },
  {
    "firstName": "Wanda",
    "lastName": "Harris",
    "soldProducts": [
      {
        "name": "Lamotrigine Extended Release",
        "price": 245.63,
        "buyerFirstName": "Brandon",
        "buyerLastName": "Fuller"
      }
    ]
  },
  {
    "lastName": "Harrison",
    "soldProducts": [
      {
        "name": "No7 Protect and Perfect Foundation Sunscreen Broad Spectrum SPF 15 Cool Ivory",
        "price": 616.19,
        "buyerFirstName": "Kathy",
        "buyerLastName": "Gilbert"
      },
      {
        "name": "SNORING HP",
        "price": 53.59,
        "buyerFirstName": "Clarence",
        "buyerLastName": "Fowler"
      }
    ]
  },
  {
    "firstName": "Benjamin",
    "lastName": "Henry",
    "soldProducts": [
      {
        "name": "Glyburide",
        "price": 95.10,
        "buyerFirstName": "Fred",
        "buyerLastName": "Barnes"
      },
      {
        "name": "ORCHID SECRET PACT",
        "price": 59.53,
        "buyerLastName": "Cunningham"
      }
    ]
  },
  {
    "firstName": "Jean",
    "lastName": "Henry",
    "soldProducts": [
      {
        "name": "Allopurinol",
        "price": 48.80,
        "buyerLastName": "Baker"
      }
    ]
  },
  {
    "firstName": "Paula",
    "lastName": "Hill",
    "soldProducts": [
      {
        "name": "Foaming Hand Sanitizer",
        "price": 624.72,
        "buyerFirstName": "Eugene",
        "buyerLastName": "Stewart"
      }
    ]
  },
  {
    "firstName": "Brenda",
    "lastName": "Howell",
    "soldProducts": [
      {
        "name": "H-Rosacea Formula",
        "price": 99.74,
        "buyerFirstName": "Christina",
        "buyerLastName": "Patterson"
      }
    ]
  },
  {
    "firstName": "Rachel",
    "lastName": "Johnson",
    "soldProducts": [
      {
        "name": "DAYWEAR PLUS MULTI PROTECTION TINTED MOISTURIZER",
        "price": 555.12,
        "buyerFirstName": "Fred",
        "buyerLastName": "Allen"
      },
      {
        "name": "Gehwol med Lipidro",
        "price": 421.24,
        "buyerFirstName": "Gary",
        "buyerLastName": "Stevens"
      },
      {
        "name": "ANXIETY/STRESS RELIEF",
        "price": 324.66,
        "buyerFirstName": "Jonathan",
        "buyerLastName": "Rodriguez"
      }
    ]
  },
  {
    "firstName": "Betty",
    "lastName": "Lawson",
    "soldProducts": [
      {
        "name": "Pleo Ginkgo",
        "price": 613.65,
        "buyerFirstName": "Clarence",
        "buyerLastName": "Fowler"
      },
      {
        "name": "Fexofenadine HCl and Pseudoephedrine HCI",
        "price": 73.07,
        "buyerFirstName": "Bonnie",
        "buyerLastName": "Fox"
      }
    ]
  },
  {
    "firstName": "Carl",
    "lastName": "Lawson",
    "soldProducts": [
      {
        "name": "Ampicillin",
        "price": 674.63,
        "buyerFirstName": "Anna",
        "buyerLastName": "Clark"
      },
      {
        "name": "Leflunomide",
        "price": 312.85,
        "buyerFirstName": "Bonnie",
        "buyerLastName": "Fox"
      },
      {
        "name": "Echinacea Quartz Gum Support",
        "price": 570.08,
        "buyerFirstName": "Jennifer",
        "buyerLastName": "Riley"
      }
    ]
  },
  {
    "firstName": "Nicole",
    "lastName": "Martinez",
    "soldProducts": [
      {
        "name": "CEDAX",
        "price": 342.86,
        "buyerFirstName": "Brenda",
        "buyerLastName": "Howell"
      },
      {
        "name": "MOIST MOISTURE SKIN TONER",
        "price": 152.43,
        "buyerFirstName": "Patrick",
        "buyerLastName": "King"
      }
    ]
  },
  {
    "lastName": "Mitchell",
    "soldProducts": [
      {
        "name": "Allopurinol",
        "price": 518.50,
        "buyerFirstName": "Fred",
        "buyerLastName": "Allen"
      }
    ]
  },
  {
    "firstName": "Chris",
    "lastName": "Mitchell",
    "soldProducts": [
      {
        "name": "Carbon Dioxide Oxygen Mixture",
        "price": 95.49,
        "buyerFirstName": "Billy",
        "buyerLastName": "Parker"
      },
      {
        "name": "Amlodipine Besylate",
        "price": 122.57,
        "buyerFirstName": "Paula",
        "buyerLastName": "Hill"
      }
    ]
  },
  {
    "lastName": "Moreno",
    "soldProducts": [
      {
        "name": "Albuterol",
        "price": 108.95,
        "buyerFirstName": "Emily",
        "buyerLastName": "Parker"
      }
    ]
  },
  {
    "firstName": "Joshua",
    "lastName": "Murray",
    "soldProducts": [
      {
        "name": "Etomidate",
        "price": 393.94,
        "buyerLastName": "Moreno"
      },
      {
        "name": "CARBIDOPA AND LEVODOPA",
        "price": 441.64,
        "buyerFirstName": "Jennifer",
        "buyerLastName": "Riley"
      },
      {
        "name": "equaline",
        "price": 520.45,
        "buyerFirstName": "Nicole",
        "buyerLastName": "Harris"
      },
      {
        "name": "Goats Milk",
        "price": 298.53,
        "buyerLastName": "Harrison"
      },
      {
        "name": "BareMinerals Golden Tan matte",
        "price": 110.93,
        "buyerLastName": "Bennett"
      },
      {
        "name": "ENALAPRIL MALEATE",
        "price": 210.42,
        "buyerFirstName": "Carl",
        "buyerLastName": "Daniels"
      },
      {
        "name": "Childrens Allegra Allergy",
        "price": 650.97,
        "buyerLastName": "Harrison"
      }
    ]
  },
  {
    "firstName": "Anna",
    "lastName": "Parker",
    "soldProducts": [
      {
        "name": "ENBREL",
        "price": 673.97,
        "buyerFirstName": "Thomas",
        "buyerLastName": "Snyder"
      }
    ]
  },
  {
    "firstName": "Billy",
    "lastName": "Parker",
    "soldProducts": [
      {
        "name": "Buprenorphine hydrochloride and naloxone hydrochloride dihydrate",
        "price": 293.33,
        "buyerFirstName": "Amanda",
        "buyerLastName": "Frazier"
      },
      {
        "name": "Peter Island Continous sunscreen kids",
        "price": 471.30,
        "buyerFirstName": "Brenda",
        "buyerLastName": "Howell"
      }
    ]
  },
  {
    "firstName": "Emily",
    "lastName": "Parker",
    "soldProducts": [
      {
        "name": "Topiramate",
        "price": 578.77,
        "buyerFirstName": "Gary",
        "buyerLastName": "Stevens"
      }
    ]
  },
  {
    "firstName": "Christina",
    "lastName": "Patterson",
    "soldProducts": [
      {
        "name": "ropinirole hydrochloride",
        "price": 103.58,
        "buyerFirstName": "Gary",
        "buyerLastName": "Stevens"
      },
      {
        "name": "AIR",
        "price": 581.69,
        "buyerFirstName": "Emily",
        "buyerLastName": "Parker"
      }
    ]
  },
  {
    "firstName": "Jacqueline",
    "lastName": "Perez",
    "soldProducts": [
      {
        "name": "Yellow Jacket hymenoptera venom Venomil Diagnostic",
        "price": 23.58,
        "buyerFirstName": "Fred",
        "buyerLastName": "Allen"
      },
      {
        "name": "Enchanted Moments Mistletoe Kisses Hand Sanitizer",
        "price": 384.99,
        "buyerLastName": "Thompson"
      }
    ]
  },
  {
    "lastName": "Peterson",
    "soldProducts": [
      {
        "name": "TERSI",
        "price": 554.91,
        "buyerFirstName": "Clarence",
        "buyerLastName": "Fowler"
      },
      {
        "name": "Almond",
        "price": 367.32,
        "buyerFirstName": "Patricia",
        "buyerLastName": "Cooper"
      }
    ]
  },
  {
    "firstName": "Arthur",
    "lastName": "Reynolds",
    "soldProducts": [
      {
        "name": "Eszopiclone",
        "price": 405.03,
        "buyerLastName": "Cunningham"
      },
      {
        "name": "Burn Jel",
        "price": 209.57,
        "buyerFirstName": "Doris",
        "buyerLastName": "Cook"
      },
      {
        "name": "Extra Strength Pain Reliever PM",
        "price": 542.72,
        "buyerFirstName": "Fred",
        "buyerLastName": "Allen"
      },
      {
        "name": "olio activ mouthwash",
        "price": 206.06,
        "buyerFirstName": "Jonathan",
        "buyerLastName": "Rodriguez"
      },
      {
        "name": "PLANTAGO LANCEOLATA POLLEN",
        "price": 561.68,
        "buyerFirstName": "Diana",
        "buyerLastName": "Harvey"
      }
    ]
  },
  {
    "firstName": "Jennifer",
    "lastName": "Riley",
    "soldProducts": [
      {
        "name": "kirkland signature minoxidil",
        "price": 49.17,
        "buyerFirstName": "Anna",
        "buyerLastName": "Parker"
      }
    ]
  },
  {
    "firstName": "Sandra",
    "lastName": "Riley",
    "soldProducts": [
      {
        "name": "Amitiza",
        "price": 666.58,
        "buyerFirstName": "Paula",
        "buyerLastName": "Hill"
      },
      {
        "name": "Pioglitazone",
        "price": 306.56,
        "buyerFirstName": "Anna",
        "buyerLastName": "Parker"
      },
      {
        "name": "Phenylephrine HCl",
        "price": 459.89,
        "buyerFirstName": "Nicole",
        "buyerLastName": "Harris"
      }
    ]
  },
  {
    "firstName": "Jonathan",
    "lastName": "Rodriguez",
    "soldProducts": [
      {
        "name": "Strattera",
        "price": 658.54,
        "buyerLastName": "Baker"
      },
      {
        "name": "PredniSONE",
        "price": 286.43,
        "buyerFirstName": "Emily",
        "buyerLastName": "Parker"
      }
    ]
  },
  {
    "firstName": "Ann",
    "lastName": "Stevens",
    "soldProducts": [
      {
        "name": "Trihexyphenidyl Hydrochloride",
        "price": 64.88,
        "buyerFirstName": "Emily",
        "buyerLastName": "Parker"
      },
      {
        "name": "Cold and Cough",
        "price": 218.14,
        "buyerFirstName": "Patricia",
        "buyerLastName": "Cooper"
      },
      {
        "name": "ERYTHROMYCIN Base Filmtab",
        "price": 117.84,
        "buyerFirstName": "Fred",
        "buyerLastName": "Allen"
      }
    ]
  },
  {
    "lastName": "Stewart",
    "soldProducts": [
      {
        "name": "Stila Hydrating Primer Oil-Free SPF 30",
        "price": 179.28,
        "buyerFirstName": "Brenda",
        "buyerLastName": "Howell"
      },
      {
        "name": "CLARINS Ever Matte SPF 15 - 105 Nude",
        "price": 696.06,
        "buyerFirstName": "Joshua",
        "buyerLastName": "Murray"
      },
      {
        "name": "CD CAPTURE TOTALE Triple Correcting Serum Foundation Wrinkles-Dark Spots-Radiance with sunscreen Broad Spectrum SPF 25 010",
        "price": 77.23,
        "buyerFirstName": "Bonnie",
        "buyerLastName": "Fox"
      }
    ]
  },
  {
    "firstName": "Eugene",
    "lastName": "Stewart",
    "soldProducts": [
      {
        "name": "Propranolol Hydrochloride",
        "price": 546.95,
        "buyerFirstName": "Fred",
        "buyerLastName": "Barnes"
      }
    ]
  },
  {
    "lastName": "Thompson",
    "soldProducts": [
      {
        "name": "AMARANTHUS PALMERI POLLEN",
        "price": 623.16,
        "buyerFirstName": "Jennifer",
        "buyerLastName": "Riley"
      },
      {
        "name": "Dover Aminophen",
        "price": 192.07,
        "buyerFirstName": "Arthur",
        "buyerLastName": "Reynolds"
      },
      {
        "name": "Warfarin Sodium",
        "price": 138.83,
        "buyerFirstName": "Jean",
        "buyerLastName": "Henry"
      },
      {
        "name": "Irbesartan and Hydrochlorothiazide",
        "price": 308.30,
        "buyerFirstName": "Fred",
        "buyerLastName": "Barnes"
      }
    ]
  },
  {
    "firstName": "Marie",
    "lastName": "Williamson",
    "soldProducts": [
      {
        "name": "Buprenorphine hydrochloride",
        "price": 391.05,
        "buyerFirstName": "Brandon",
        "buyerLastName": "Fuller"
      },
      {
        "name": "Metaxalone",
        "price": 79.94,
        "buyerFirstName": "Marie",
        "buyerLastName": "Williamson"
      },
      {
        "name": "ROPINIROLE HYDROCHLORIDE",
        "price": 266.44,
        "buyerFirstName": "Jeremy",
        "buyerLastName": "Woods"
      }
    ]
  }
]
