<?xml version="1.0" encoding="UTF-8" standalone="yes"?>
<products>
    <product name="TRAMADOL HYDROCHLORIDE" price="516.48" seller="Brenda Howell"/>
    <product name="Allopurinol" price="518.50" seller="Emily Parker"/>
    <product name="Parsley" price="519.06" seller="Sandra Riley"/>
    <product name="equaline" price="520.45" seller="Patrick King"/>
    <product name="Extra Strength Pain Reliever PM" price="542.72" seller="Amanda Frazier"/>
    <product name="Propranolol Hydrochloride" price="546.95" seller="Diana Harvey"/>
    <product name="Prednisone" price="550.72" seller="Fred Barnes"/>
    <product name="TERSI" price="554.91" seller="null Schmidt"/>
    <product name="DAYWEAR PLUS MULTI PROTECTION TINTED MOISTURIZER" price="555.12" seller="Kathy Gilbert"/>
    <product name="PLANTAGO LANCEOLATA POLLEN" price="561.68" seller="Amanda Frazier"/>
    <product name="Echinacea Quartz Gum Support" price="570.08" seller="Joshua Murray"/>
    <product name="Topiramate" price="578.77" seller="Anna Parker"/>
    <product name="AIR" price="581.69" seller="Sandra Riley"/>
    <product name="Agaricus Equisetum Special Order" price="585.93" seller="Betty Ward"/>
    <product name="Gemcitabine" price="594.79" seller="Kathy Gilbert"/>
    <product name="Ketorolac Tromethamine" price="608.18" seller="Jean Henry"/>
    <product name="Pleo Ginkgo" price="613.65" seller="Amanda Frazier"/>
    <product name="Diastat" price="614.14" seller="Jacqueline Perez"/>
    <product name="No7 Protect and Perfect Foundation Sunscreen Broad Spectrum SPF 15 Cool Ivory" price="616.19" seller="Brenda Howell"/>
    <product name="Glipizide" price="621.78" seller="Brandon Fuller"/>
    <product name="AMARANTHUS PALMERI POLLEN" price="623.16" seller="Joshua Murray"/>
    <product name="Foaming Hand Sanitizer" price="624.72" seller="null Mitchell"/>
    <product name="ziprasidone hydrochloride" price="628.66" seller="Fred Barnes"/>
    <product name="AVANDAMET" price="632.08" seller="null Stewart"/>
    <product name="Imipramine Hydrochloride" price="648.69" seller="Betty Ward"/>
    <product name="Childrens Allegra Allergy" price="650.97" seller="Fred Allen"/>
    <product name="Strattera" price="658.54" seller="null Stewart"/>
    <product name="Amitiza" price="666.58" seller="null Harrison"/>
    <product name="ENBREL" price="673.97" seller="Ann Stevens"/>
    <product name="Ampicillin" price="674.63" seller="Amanda Frazier"/>
    <product name="PRIMAXIN" price="686.66" seller="Chris Mitchell"/>
    <product name="CLARINS Ever Matte SPF 15 - 105 Nude" price="696.06" seller="Arthur Reynolds"/>
</products>
